<?xml version="1.0" encoding="UTF-8"?>
<document type="com.apple.InterfaceBuilder3.CocoaTouch.Storyboard.XIB" version="3.0" toolsVersion="13771" targetRuntime="iOS.CocoaTouch" propertyAccessControl="none" useAutolayout="YES" useTraitCollections="YES" useSafeAreas="YES" colorMatched="YES" initialViewController="Vdg-Ue-dfM">
    <device id="retina4_7" orientation="portrait">
        <adaptation id="fullscreen"/>
    </device>
    <dependencies>
        <deployment identifier="iOS"/>
        <plugIn identifier="com.apple.InterfaceBuilder.IBCocoaTouchPlugin" version="13772"/>
        <capability name="Safe area layout guides" minToolsVersion="9.0"/>
        <capability name="documents saved in the Xcode 8 format" minToolsVersion="8.0"/>
    </dependencies>
    <scenes>
        <!--MainViewController-->
        <scene sceneID="k8z-pK-KQr">
            <objects>
                <viewController storyboardIdentifier="LoginViewController" title="MainViewController" id="Vdg-Ue-dfM" customClass="LoginViewController" customModule="RandomChat" customModuleProvider="target" sceneMemberID="viewController">
                    <view key="view" contentMode="scaleToFill" id="4lj-bW-WbB">
                        <rect key="frame" x="0.0" y="0.0" width="375" height="667"/>
                        <autoresizingMask key="autoresizingMask" widthSizable="YES" heightSizable="YES"/>
                        <subviews>
                            <imageView userInteractionEnabled="NO" contentMode="scaleToFill" horizontalHuggingPriority="251" verticalHuggingPriority="251" fixedFrame="YES" translatesAutoresizingMaskIntoConstraints="NO" id="bJo-bK-VXS">
                                <rect key="frame" x="67" y="96" width="240" height="128"/>
                                <autoresizingMask key="autoresizingMask" flexibleMaxX="YES" flexibleMaxY="YES"/>
                            </imageView>
                            <label opaque="NO" userInteractionEnabled="NO" contentMode="left" horizontalHuggingPriority="251" verticalHuggingPriority="251" fixedFrame="YES" text="Username:" textAlignment="natural" lineBreakMode="tailTruncation" baselineAdjustment="alignBaselines" adjustsFontForContentSizeCategory="YES" adjustsFontSizeToFit="NO" translatesAutoresizingMaskIntoConstraints="NO" id="2tW-pk-3r7">
                                <rect key="frame" x="67" y="262" width="192" height="36"/>
                                <autoresizingMask key="autoresizingMask" flexibleMaxX="YES" flexibleMaxY="YES"/>
                                <fontDescription key="fontDescription" type="system" pointSize="20"/>
                                <nil key="textColor"/>
                                <nil key="highlightedColor"/>
                            </label>
                            <textField opaque="NO" contentMode="scaleToFill" fixedFrame="YES" contentHorizontalAlignment="left" contentVerticalAlignment="center" borderStyle="roundedRect" placeholder="City Destroyer" textAlignment="natural" adjustsFontForContentSizeCategory="YES" minimumFontSize="17" translatesAutoresizingMaskIntoConstraints="NO" id="H0b-5l-Nfo">
                                <rect key="frame" x="67" y="343" width="240" height="30"/>
                                <autoresizingMask key="autoresizingMask" flexibleMaxX="YES" flexibleMaxY="YES"/>
                                <nil key="textColor"/>
                                <fontDescription key="fontDescription" type="system" pointSize="20"/>
                                <textInputTraits key="textInputTraits"/>
                            </textField>
                            <button opaque="NO" contentMode="scaleToFill" fixedFrame="YES" contentHorizontalAlignment="center" contentVerticalAlignment="center" buttonType="roundedRect" lineBreakMode="middleTruncation" translatesAutoresizingMaskIntoConstraints="NO" id="bqK-FI-zcp">
                                <rect key="frame" x="137" y="423" width="101" height="38"/>
                                <autoresizingMask key="autoresizingMask" flexibleMaxX="YES" flexibleMaxY="YES"/>
                                <fontDescription key="fontDescription" type="system" pointSize="20"/>
                                <state key="normal" title="Enter"/>
                                <connections>
                                    <action selector="createUser:" destination="Vdg-Ue-dfM" eventType="touchUpInside" id="68U-Mx-xf2"/>
                                    <segue destination="hn6-TL-No2" kind="show" id="Ny4-UG-Co7"/>
                                </connections>
                            </button>
                            <button opaque="NO" contentMode="scaleToFill" fixedFrame="YES" contentHorizontalAlignment="center" contentVerticalAlignment="center" buttonType="roundedRect" lineBreakMode="middleTruncation" translatesAutoresizingMaskIntoConstraints="NO" id="rC4-iN-H0U">
                                <rect key="frame" x="150" y="513" width="74" height="30"/>
                                <autoresizingMask key="autoresizingMask" flexibleMaxX="YES" flexibleMaxY="YES"/>
                                <fontDescription key="fontDescription" type="system" pointSize="16"/>
                                <state key="normal" title="Settings"/>
                                <connections>
                                    <segue destination="nhb-Gw-Cjz" kind="show" id="r2N-Ea-ljd"/>
                                </connections>
                            </button>
                        </subviews>
                        <color key="backgroundColor" white="1" alpha="1" colorSpace="calibratedWhite"/>
                        <viewLayoutGuide key="safeArea" id="kHk-8N-DbK"/>
                    </view>
                    <connections>
                        <outlet property="createUser" destination="bqK-FI-zcp" id="jRt-M6-HD6"/>
                        <outlet property="userNameTxt" destination="H0b-5l-Nfo" id="Su5-Bc-S09"/>
                    </connections>
                </viewController>
                <placeholder placeholderIdentifier="IBFirstResponder" id="dS4-Tp-8pE" userLabel="First Responder" sceneMemberID="firstResponder"/>
            </objects>
            <point key="canvasLocation" x="-165.59999999999999" y="117.39130434782609"/>
        </scene>
        <!--SettingsViewController-->
        <scene sceneID="3qa-9t-i9u">
            <objects>
                <viewController title="SettingsViewController" id="nhb-Gw-Cjz" customClass="SettingsViewController" customModule="RandomChat" customModuleProvider="target" sceneMemberID="viewController">
                    <view key="view" contentMode="scaleToFill" id="fnj-TT-xyP">
                        <rect key="frame" x="0.0" y="0.0" width="375" height="667"/>
                        <autoresizingMask key="autoresizingMask" widthSizable="YES" heightSizable="YES"/>
                        <subviews>
                            <label opaque="NO" userInteractionEnabled="NO" contentMode="left" horizontalHuggingPriority="251" verticalHuggingPriority="251" fixedFrame="YES" text="Settings" textAlignment="center" lineBreakMode="tailTruncation" baselineAdjustment="alignBaselines" adjustsFontForContentSizeCategory="YES" adjustsFontSizeToFit="NO" translatesAutoresizingMaskIntoConstraints="NO" id="qKy-CN-Qs1">
                                <rect key="frame" x="144" y="67" width="87" height="40"/>
                                <autoresizingMask key="autoresizingMask" flexibleMaxX="YES" flexibleMaxY="YES"/>
                                <fontDescription key="fontDescription" type="system" pointSize="21"/>
                                <nil key="textColor"/>
                                <nil key="highlightedColor"/>
                            </label>
                            <button opaque="NO" contentMode="scaleToFill" fixedFrame="YES" contentHorizontalAlignment="center" contentVerticalAlignment="center" buttonType="roundedRect" lineBreakMode="middleTruncation" translatesAutoresizingMaskIntoConstraints="NO" id="NYE-X6-Elu">
                                <rect key="frame" x="154" y="522" width="67" height="40"/>
                                <autoresizingMask key="autoresizingMask" flexibleMaxX="YES" flexibleMaxY="YES"/>
                                <fontDescription key="fontDescription" type="system" pointSize="18"/>
                                <state key="normal" title="Done"/>
                                <connections>
                                    <segue destination="Vdg-Ue-dfM" kind="show" id="TIB-Mh-bmq"/>
                                </connections>
                            </button>
                        </subviews>
                        <color key="backgroundColor" white="1" alpha="1" colorSpace="calibratedWhite"/>
                        <viewLayoutGuide key="safeArea" id="d8w-ed-p0E"/>
                    </view>
                </viewController>
                <placeholder placeholderIdentifier="IBFirstResponder" id="1F5-Iz-SRl" userLabel="First Responder" sceneMemberID="firstResponder"/>
            </objects>
            <point key="canvasLocation" x="-953" y="881"/>
        </scene>
        <!--iFChat-->
        <scene sceneID="n1Y-IZ-zmA">
            <objects>
                <viewController id="hiE-oa-xFI" customClass="MainTableViewController" customModule="RandomChat" customModuleProvider="target" sceneMemberID="viewController">
                    <view key="view" contentMode="scaleToFill" id="trN-zf-r8B">
                        <rect key="frame" x="0.0" y="0.0" width="375" height="667"/>
                        <autoresizingMask key="autoresizingMask" widthSizable="YES" heightSizable="YES"/>
                        <subviews>
                            <segmentedControl opaque="NO" contentMode="scaleToFill" contentHorizontalAlignment="left" contentVerticalAlignment="top" segmentControlStyle="plain" selectedSegmentIndex="0" translatesAutoresizingMaskIntoConstraints="NO" id="21k-dT-PXh">
                                <rect key="frame" x="0.0" y="79" width="375" height="28"/>
                                <constraints>
                                    <constraint firstAttribute="height" constant="27" id="dvf-ZN-FJ2"/>
                                </constraints>
                                <segments>
                                    <segment title="Online Rooms"/>
                                    <segment title="My Rooms"/>
                                    <segment title="Users"/>
                                </segments>
                            </segmentedControl>
                            <tableView clipsSubviews="YES" contentMode="scaleToFill" fixedFrame="YES" alwaysBounceVertical="YES" dataMode="prototypes" style="plain" separatorStyle="default" rowHeight="-1" estimatedRowHeight="-1" sectionHeaderHeight="28" sectionFooterHeight="28" translatesAutoresizingMaskIntoConstraints="NO" id="CFd-dg-47N">
                                <rect key="frame" x="0.0" y="114" width="375" height="553"/>
                                <autoresizingMask key="autoresizingMask" flexibleMaxX="YES" flexibleMaxY="YES"/>
                                <color key="backgroundColor" white="1" alpha="1" colorSpace="custom" customColorSpace="genericGamma22GrayColorSpace"/>
                                <prototypes>
                                    <tableViewCell clipsSubviews="YES" contentMode="scaleToFill" insetsLayoutMarginsFromSafeArea="NO" selectionStyle="blue" hidesAccessoryWhenEditing="NO" indentationLevel="1" indentationWidth="0.0" reuseIdentifier="myCell" id="aZO-wB-3tv">
                                        <rect key="frame" x="0.0" y="28" width="375" height="44"/>
                                        <autoresizingMask key="autoresizingMask"/>
                                        <tableViewCellContentView key="contentView" opaque="NO" clipsSubviews="YES" multipleTouchEnabled="YES" contentMode="center" insetsLayoutMarginsFromSafeArea="NO" tableViewCell="aZO-wB-3tv" id="C2r-Wa-7Bx">
                                            <rect key="frame" x="0.0" y="0.0" width="375" height="43.5"/>
                                            <autoresizingMask key="autoresizingMask"/>
                                        </tableViewCellContentView>
                                    </tableViewCell>
                                </prototypes>
                                <connections>
                                    <outlet property="dataSource" destination="hiE-oa-xFI" id="epF-AE-ddu"/>
                                    <outlet property="delegate" destination="hiE-oa-xFI" id="EKI-ig-BvX"/>
                                    <outlet property="prefetchDataSource" destination="hiE-oa-xFI" id="4Mc-7i-lDc"/>
                                </connections>
                            </tableView>
                        </subviews>
                        <color key="backgroundColor" white="1" alpha="1" colorSpace="custom" customColorSpace="genericGamma22GrayColorSpace"/>
                        <constraints>
                            <constraint firstAttribute="trailing" secondItem="21k-dT-PXh" secondAttribute="trailing" id="br5-pn-9hp"/>
                            <constraint firstItem="21k-dT-PXh" firstAttribute="top" secondItem="c6v-iS-38j" secondAttribute="top" constant="15" id="pXI-Ys-JvF"/>
                            <constraint firstItem="21k-dT-PXh" firstAttribute="leading" secondItem="trN-zf-r8B" secondAttribute="leading" id="xa2-sk-mkd"/>
                        </constraints>
                        <viewLayoutGuide key="safeArea" id="c6v-iS-38j"/>
                    </view>
                    <navigationItem key="navigationItem" title="iFChat" id="xlc-Lq-JLh">
                        <barButtonItem key="leftBarButtonItem" title="Logout" id="awP-nO-p2C">
                            <color key="tintColor" red="0.0" green="0.47843137250000001" blue="1" alpha="1" colorSpace="custom" customColorSpace="sRGB"/>
                            <connections>
                                <action selector="handleLogout:" destination="hiE-oa-xFI" id="56n-oe-xbu"/>
                            </connections>
                        </barButtonItem>
                        <barButtonItem key="rightBarButtonItem" title="Item" id="EaR-aP-2QL"/>
                    </navigationItem>
                    <connections>
                        <outlet property="LogoutBtn" destination="awP-nO-p2C" id="RFk-K9-leC"/>
                        <outlet property="navTitle" destination="xlc-Lq-JLh" id="65W-nh-pOH"/>
                    </connections>
                </viewController>
                <placeholder placeholderIdentifier="IBFirstResponder" id="Bdk-Ud-ILU" userLabel="First Responder" sceneMemberID="firstResponder"/>
            </objects>
            <point key="canvasLocation" x="1261.5999999999999" y="116.49175412293854"/>
        </scene>
        <!--ChatViewController-->
        <scene sceneID="fH8-Rf-b86">
            <objects>
                <viewController title="ChatViewController" id="ObC-Zh-HTZ" customClass="UITableViewController" sceneMemberID="viewController">
                    <view key="view" contentMode="scaleToFill" id="epg-Ak-eMl">
                        <rect key="frame" x="0.0" y="0.0" width="375" height="667"/>
                        <autoresizingMask key="autoresizingMask" widthSizable="YES" heightSizable="YES"/>
                        <subviews>
                            <label opaque="NO" userInteractionEnabled="NO" contentMode="left" horizontalHuggingPriority="251" verticalHuggingPriority="251" fixedFrame="YES" text="Room #33: Develop an iOS app" textAlignment="natural" lineBreakMode="tailTruncation" baselineAdjustment="alignBaselines" adjustsFontForContentSizeCategory="YES" adjustsFontSizeToFit="NO" translatesAutoresizingMaskIntoConstraints="NO" id="w0d-L3-sP2">
                                <rect key="frame" x="16" y="20" width="343" height="33"/>
                                <autoresizingMask key="autoresizingMask" flexibleMaxX="YES" flexibleMaxY="YES"/>
                                <fontDescription key="fontDescription" type="system" pointSize="19"/>
                                <nil key="textColor"/>
                                <nil key="highlightedColor"/>
                            </label>
                            <button opaque="NO" contentMode="scaleToFill" fixedFrame="YES" contentHorizontalAlignment="center" contentVerticalAlignment="center" buttonType="roundedRect" lineBreakMode="middleTruncation" translatesAutoresizingMaskIntoConstraints="NO" id="Owk-5P-H0E">
                                <rect key="frame" x="16" y="599" width="60" height="48"/>
                                <autoresizingMask key="autoresizingMask" flexibleMaxX="YES" flexibleMaxY="YES"/>
                                <fontDescription key="fontDescription" type="system" pointSize="18"/>
                                <state key="normal" title="Back"/>
                            </button>
                            <button opaque="NO" contentMode="scaleToFill" fixedFrame="YES" contentHorizontalAlignment="center" contentVerticalAlignment="center" buttonType="roundedRect" lineBreakMode="middleTruncation" translatesAutoresizingMaskIntoConstraints="NO" id="17s-ti-VWW">
                                <rect key="frame" x="241" y="599" width="118" height="48"/>
                                <autoresizingMask key="autoresizingMask" flexibleMaxX="YES" flexibleMaxY="YES"/>
                                <fontDescription key="fontDescription" type="system" pointSize="18"/>
                                <state key="normal" title="Leave room"/>
                            </button>
                            <button opaque="NO" contentMode="scaleToFill" fixedFrame="YES" contentHorizontalAlignment="left" contentVerticalAlignment="center" buttonType="roundedRect" lineBreakMode="middleTruncation" translatesAutoresizingMaskIntoConstraints="NO" id="ywA-jI-T2I">
                                <rect key="frame" x="16" y="61" width="91" height="30"/>
                                <autoresizingMask key="autoresizingMask" flexibleMaxX="YES" flexibleMaxY="YES"/>
                                <fontDescription key="fontDescription" type="system" pointSize="17"/>
                                <state key="normal" title="Room info"/>
                                <connections>
                                    <segue destination="grL-i3-4dn" kind="show" id="hOS-fu-jY4"/>
                                </connections>
                            </button>
                        </subviews>
                        <color key="backgroundColor" white="1" alpha="1" colorSpace="calibratedWhite"/>
                        <viewLayoutGuide key="safeArea" id="cD0-Cf-T6t"/>
                    </view>
                </viewController>
                <placeholder placeholderIdentifier="IBFirstResponder" id="EZR-S8-I1A" userLabel="First Responder" sceneMemberID="firstResponder"/>
            </objects>
            <point key="canvasLocation" x="2158" y="1156"/>
        </scene>
        <!--RoomInfoViewController-->
        <scene sceneID="V0T-jD-Iv4">
            <objects>
                <viewController title="RoomInfoViewController" id="grL-i3-4dn" customClass="RoomsViewController" customModule="RandomChat" customModuleProvider="target" sceneMemberID="viewController">
                    <view key="view" contentMode="scaleToFill" id="Fxm-Yc-qx0">
                        <rect key="frame" x="0.0" y="0.0" width="375" height="667"/>
                        <autoresizingMask key="autoresizingMask" widthSizable="YES" heightSizable="YES"/>
                        <subviews>
                            <label opaque="NO" userInteractionEnabled="NO" contentMode="left" horizontalHuggingPriority="251" verticalHuggingPriority="251" fixedFrame="YES" text="Room #33: Develop an iOS app" textAlignment="natural" lineBreakMode="tailTruncation" baselineAdjustment="alignBaselines" adjustsFontForContentSizeCategory="YES" adjustsFontSizeToFit="NO" translatesAutoresizingMaskIntoConstraints="NO" id="gzO-lt-4iT">
                                <rect key="frame" x="16" y="20" width="343" height="38"/>
                                <autoresizingMask key="autoresizingMask" flexibleMaxX="YES" flexibleMaxY="YES"/>
                                <fontDescription key="fontDescription" type="system" pointSize="19"/>
                                <nil key="textColor"/>
                                <nil key="highlightedColor"/>
                            </label>
                            <label opaque="NO" userInteractionEnabled="NO" contentMode="left" horizontalHuggingPriority="251" verticalHuggingPriority="251" fixedFrame="YES" text="Members:" textAlignment="natural" lineBreakMode="tailTruncation" baselineAdjustment="alignBaselines" adjustsFontForContentSizeCategory="YES" adjustsFontSizeToFit="NO" translatesAutoresizingMaskIntoConstraints="NO" id="CxT-PT-P2H">
                                <rect key="frame" x="16" y="76" width="99" height="38"/>
                                <autoresizingMask key="autoresizingMask" flexibleMaxX="YES" flexibleMaxY="YES"/>
                                <fontDescription key="fontDescription" type="system" pointSize="20"/>
                                <nil key="textColor"/>
                                <nil key="highlightedColor"/>
                            </label>
                            <button opaque="NO" contentMode="scaleToFill" fixedFrame="YES" contentHorizontalAlignment="center" contentVerticalAlignment="center" buttonType="roundedRect" lineBreakMode="middleTruncation" translatesAutoresizingMaskIntoConstraints="NO" id="LWN-nV-QXQ">
                                <rect key="frame" x="16" y="599" width="60" height="48"/>
                                <autoresizingMask key="autoresizingMask" flexibleMaxX="YES" flexibleMaxY="YES"/>
                                <fontDescription key="fontDescription" type="system" pointSize="18"/>
                                <state key="normal" title="Back"/>
                                <connections>
                                    <segue destination="ObC-Zh-HTZ" kind="show" id="voP-03-C5k"/>
                                </connections>
                            </button>
                            <tableView clipsSubviews="YES" contentMode="scaleToFill" fixedFrame="YES" alwaysBounceVertical="YES" dataMode="prototypes" style="plain" separatorStyle="default" rowHeight="-1" estimatedRowHeight="-1" sectionHeaderHeight="28" sectionFooterHeight="28" translatesAutoresizingMaskIntoConstraints="NO" id="oE3-C7-b4T">
                                <rect key="frame" x="16" y="122" width="343" height="469"/>
                                <autoresizingMask key="autoresizingMask" flexibleMaxX="YES" flexibleMaxY="YES"/>
                                <color key="backgroundColor" white="1" alpha="1" colorSpace="calibratedWhite"/>
                            </tableView>
                        </subviews>
                        <color key="backgroundColor" white="1" alpha="1" colorSpace="calibratedWhite"/>
                        <viewLayoutGuide key="safeArea" id="7vb-7A-H8v"/>
                    </view>
                </viewController>
                <placeholder placeholderIdentifier="IBFirstResponder" id="YKp-bZ-hND" userLabel="First Responder" sceneMemberID="firstResponder"/>
            </objects>
            <point key="canvasLocation" x="2887.1999999999998" y="116.49175412293854"/>
        </scene>
        <!--CreateRoomViewController-->
        <scene sceneID="DLT-th-3JS">
            <objects>
                <viewController title="CreateRoomViewController" id="ldr-bi-ZRE" customClass="CreateRoomViewController" customModule="RandomChat" customModuleProvider="target" sceneMemberID="viewController">
                    <view key="view" contentMode="scaleToFill" id="ejI-hC-SW6">
                        <rect key="frame" x="0.0" y="0.0" width="375" height="667"/>
                        <autoresizingMask key="autoresizingMask" widthSizable="YES" heightSizable="YES"/>
                        <subviews>
                            <label opaque="NO" userInteractionEnabled="NO" contentMode="left" horizontalHuggingPriority="251" verticalHuggingPriority="251" fixedFrame="YES" text="Create a Room" textAlignment="center" lineBreakMode="tailTruncation" baselineAdjustment="alignBaselines" adjustsFontForContentSizeCategory="YES" adjustsFontSizeToFit="NO" translatesAutoresizingMaskIntoConstraints="NO" id="Bpt-oQ-5JJ">
                                <rect key="frame" x="16" y="69" width="343" height="67"/>
                                <autoresizingMask key="autoresizingMask" flexibleMaxX="YES" flexibleMaxY="YES"/>
                                <fontDescription key="fontDescription" type="system" pointSize="22"/>
                                <nil key="textColor"/>
                                <nil key="highlightedColor"/>
                            </label>
                            <label opaque="NO" userInteractionEnabled="NO" contentMode="left" horizontalHuggingPriority="251" verticalHuggingPriority="251" fixedFrame="YES" text="Room name: " textAlignment="natural" lineBreakMode="tailTruncation" baselineAdjustment="alignBaselines" adjustsFontSizeToFit="NO" translatesAutoresizingMaskIntoConstraints="NO" id="Kvo-vN-hWn">
                                <rect key="frame" x="40" y="199" width="119" height="32"/>
                                <autoresizingMask key="autoresizingMask" flexibleMaxX="YES" flexibleMaxY="YES"/>
                                <fontDescription key="fontDescription" type="system" pointSize="20"/>
                                <nil key="textColor"/>
                                <nil key="highlightedColor"/>
                            </label>
                            <textField opaque="NO" contentMode="scaleToFill" fixedFrame="YES" contentHorizontalAlignment="left" contentVerticalAlignment="center" borderStyle="roundedRect" placeholder="Enter your room name" textAlignment="natural" adjustsFontForContentSizeCategory="YES" minimumFontSize="17" translatesAutoresizingMaskIntoConstraints="NO" id="xGB-v6-pd2">
                                <rect key="frame" x="40" y="253" width="319" height="30"/>
                                <autoresizingMask key="autoresizingMask" flexibleMaxX="YES" flexibleMaxY="YES"/>
                                <nil key="textColor"/>
                                <fontDescription key="fontDescription" type="system" pointSize="20"/>
                                <textInputTraits key="textInputTraits"/>
                            </textField>
                            <button opaque="NO" contentMode="scaleToFill" fixedFrame="YES" contentHorizontalAlignment="center" contentVerticalAlignment="center" buttonType="roundedRect" lineBreakMode="middleTruncation" translatesAutoresizingMaskIntoConstraints="NO" id="En6-IM-51l">
                                <rect key="frame" x="241" y="599" width="118" height="48"/>
                                <autoresizingMask key="autoresizingMask" flexibleMaxX="YES" flexibleMaxY="YES"/>
                                <fontDescription key="fontDescription" type="system" pointSize="18"/>
                                <state key="normal" title="Create room"/>
                                <connections>
                                    <action selector="createRoom:" destination="ldr-bi-ZRE" eventType="touchUpInside" id="8zd-3p-WF2"/>
                                    <segue destination="ObC-Zh-HTZ" kind="show" id="yod-s5-uzc"/>
                                </connections>
                            </button>
                            <button opaque="NO" contentMode="scaleToFill" fixedFrame="YES" contentHorizontalAlignment="center" contentVerticalAlignment="center" buttonType="roundedRect" lineBreakMode="middleTruncation" translatesAutoresizingMaskIntoConstraints="NO" id="tIa-eL-PvL">
                                <rect key="frame" x="16" y="599" width="60" height="48"/>
                                <autoresizingMask key="autoresizingMask" flexibleMaxX="YES" flexibleMaxY="YES"/>
                                <fontDescription key="fontDescription" type="system" pointSize="18"/>
                                <state key="normal" title="Back"/>
                            </button>
                        </subviews>
                        <color key="backgroundColor" white="1" alpha="1" colorSpace="calibratedWhite"/>
                        <viewLayoutGuide key="safeArea" id="1gF-UG-vV7"/>
                    </view>
                    <connections>
                        <outlet property="createRoomBtn" destination="En6-IM-51l" id="S2N-Kl-dWK"/>
                        <outlet property="roomNameTxt" destination="xGB-v6-pd2" id="EGV-Cc-7i3"/>
                    </connections>
                </viewController>
                <placeholder placeholderIdentifier="IBFirstResponder" id="3Km-H0-HOz" userLabel="First Responder" sceneMemberID="firstResponder"/>
            </objects>
            <point key="canvasLocation" x="569" y="1434"/>
        </scene>
        <!--Navigation Controller-->
        <scene sceneID="NIR-k2-dHw">
            <objects>
                <navigationController automaticallyAdjustsScrollViewInsets="NO" id="hn6-TL-No2" sceneMemberID="viewController">
                    <toolbarItems/>
                    <navigationBar key="navigationBar" contentMode="scaleToFill" insetsLayoutMarginsFromSafeArea="NO" id="bnk-vZ-irs">
                        <rect key="frame" x="0.0" y="20" width="375" height="44"/>
                        <autoresizingMask key="autoresizingMask"/>
                    </navigationBar>
                    <nil name="viewControllers"/>
                    <connections>
                        <segue destination="hiE-oa-xFI" kind="relationship" relationship="rootViewController" id="6A0-8c-7cd"/>
                    </connections>
                </navigationController>
                <placeholder placeholderIdentifier="IBFirstResponder" id="Jra-aw-YZZ" userLabel="First Responder" sceneMemberID="firstResponder"/>
            </objects>
            <point key="canvasLocation" x="527" y="117"/>
        </scene>
    </scenes>
    <inferredMetricsTieBreakers>
        <segue reference="voP-03-C5k"/>
    </inferredMetricsTieBreakers>
</document>
